comparison,scale,n,pearson_r,pearson_p,icc_2_1_absolute_agreement,bias_mean_difference,sd_difference,loa_lower_95,loa_upper_95,proportional_bias_slope,proportional_bias_p
Choriocapillaris Flow Area vs Choroid Flow Area,z-score,140,0.9491748408956169,0.0,0.9495195514833087,-2.759697232639675e-16,0.3188264703702727,-0.6248998819257346,0.6248998819257342,3.9338325138623385e-17,1.0
Choriocapillaris Flow Area vs Choroid Thickness,z-score,140,0.4911719930344962,7.20320247893369e-10,0.4929636624478517,-1.7446361815538174e-17,1.0087893803619303,-1.9772271855093835,1.9772271855093835,-1.071266901713162e-17,1.0
Choriocapillaris Flow Area vs CVI,z-score,140,0.6654071582292869,0.0,0.6670012571299133,-5.900042359436546e-16,0.8180377030072798,-1.6033538978942692,1.6033538978942679,1.2277642059166998e-16,1.0
Choroid Flow Area vs Choroid Thickness,z-score,140,0.46671501274895755,6.161731569420681e-09,0.4684996113867108,2.6645352591003756e-16,1.0327487470348657,-2.0241875441883366,2.0241875441883375,-1.0455647208446534e-16,1.0
Choroid Flow Area vs CVI,z-score,140,0.6195701313867881,2.220446049250313e-16,0.6212583115141036,-2.950021179718273e-16,0.872272742452969,-1.7096545752078196,1.7096545752078192,1.262512352830643e-16,1.0
Choroid Thickness vs CVI,z-score,140,0.5530117330088601,1.390665360645471e-12,0.5547830294724315,-5.773159728050814e-16,0.9455033230942552,-1.853186513264741,1.8531865132647396,1.9749309554698342e-16,1.0
