,Choriocapillaris Flow Area,Choroid Flow Area,Choroid Thickness,CVI
Choriocapillaris Flow Area,1.0,0.9491748408956169,0.4911719930344962,0.6654071582292865
Choroid Flow Area,0.9491748408956169,1.0,0.4667150127489573,0.6195701313867884
Choroid Thickness,0.4911719930344962,0.4667150127489573,1.0,0.55301173300886
CVI,0.6654071582292865,0.6195701313867884,0.55301173300886,1.0
