comparison,scale,n,pearson_r,pearson_p,icc_2_1_absolute_agreement,bias_mean_difference,sd_difference,loa_lower_95,loa_upper_95,proportional_bias_slope,proportional_bias_p
Choriocapillaris Flow Area vs Choroid Thickness,z-score,137,0.49601188786988193,7.12412351333569e-10,0.49784332668999187,-1.555932998014818e-16,1.0039801911692463,-1.967801174691723,1.9678011746917226,-1.309626693588209e-17,1.0
Choriocapillaris Flow Area vs CVI,z-score,137,0.6671045215148494,0.0,0.668729463227537,3.1766965376135867e-16,0.8159601442290559,-1.5992818826889494,1.5992818826889499,0.0,1.0
Choroid Thickness vs CVI,z-score,137,0.5496075621187122,3.517630631222346e-12,0.5514203764811997,5.154028055924084e-16,0.9490968737502908,-1.8602298725505695,1.8602298725505704,1.6857748591098632e-17,1.0
